Kari,H,Keating
Debra,Sue,Korte
Gary,Alan,Ochs
David,Michael,Rosch
Cecilia,Elizabeth,Suarez
Erica,B,Thieman
Robert,A,Aherin
Irfan,S,Ahmad
Kaustubh,,Bhalerao
Rabin,,Bhattarai
Loren,E,Bode
Lawrence,F,Bouton
Philip,,Buriak
Leslie,L,Christianson
Mary-Grace,,Danao
Steven,,Eckhoff
Hao,,Feng
Richard,S,Gates
Brian,J,Gilmore
Angela,R,Green
Tony,E,Grift
Laura,Diane,Hahn
Alan,Christopher,Hansen
Christopher,Mark,Harbourt
Joe,Grant,Harper
John,W,Hummel
Prasanta,Kumar,Kalita
Mark,S,Kuhlenschmidt
Shiyang,,Li
J,Bruce,Litchfield
John,M,Littlewood
Momcilo,,Markus
J,Kent,Mitchell
Scott,A,Morris
Marvin,R,Paulsen
Kent,D,Rausch
John,F,Reid
Luis,F,Rodriguez
Lance,Charles,Schideman
Shelly,J,Schmidt
Donald,H,Secrest
Chao,,Shen
John,C,Siemens
Vijay,,Singh
Jack,C,Stillinger
Lei,,Tian
Kuan,Chong,Ting
M,E,Tumbleson
Xinlei,,Wang
Stephen,C,Zahos
Yuanhui,,Zhang
Joyce,E,Allen-Smith
Amy,W,Ando
Mary,Paula,Arends-Kuenning
Peter,J,Barry
Katherine,R,Baylis
Andrea,H,Beller
Anil,K,Bera
John,B,Braden
Richard,J,Brazee
Jerard,M,Brune
David,S,Bullock
Paul,N,Ellinger
Brenna,,Ellison
Edward,,Feser
Lyle,P,Fettig
Ann,Butler,Finnegan
Philip,,Garcia
Peter,D,Goldsmith
Darrel,L,Good
Margaret,R,Grossman
Craig,,Gundersen
Lisa,Christine,Gundersen
Robert,J,Hauser
Deborah,A,Held
Robert,H,Hornbaker
Scott,H,Irwin
Jay,P,Kesan
Madhu,,Khanna
Barrett,E,Kirwan
Ted,,Knapp
Hilda,Buckley,Lakner
Raymond,M,Leuthold
Alexander,C,Lo
Lanny,R,Lobdell
Angela,Christine,Lyons
Mindy,L,Mallory
Paul,E,McNamara
Gay,Y,Miller
Michelle,,Morganosky
Charles,H,Nelson
Gerald,C,Nelson
Jonathan,M,Norvell
Thomas,S,O'Saben
Hayri,,Onal
Nicholas,D,Paulson
Paul,Edward,Peterson
Samuel,W,Phillips
Robert,,Rhea
Catherine,L,Riddick
Valerie,,Rogalla
Jacqueline,A,Rutledge
Lisa,R,Schlessinger
Gary,Donald,Schnitkey
Wesley,D,Seitz
Bruce,J,Sherrick
Steven,E,Siebers
Andrew,J,Sofranko
Paul,B,Stoddard
Joyous,Tata,Suiyigheh
Gale,E,Summerfield
Burton,E,Swanson
Robert,I,Thompson
Donald,L,Uchtmann
Laurian,J,Unnevehr
Richard,C,Walden
Alex,E,Winter-Nelson
Yilan,,Xu
Lindsey,Sharone,Alexander
Janice,Mary,Bahr
Jonathan,Edward,Beever
Larry,L,Berger
Joseph,Lee,Beverly
Andrea,G,Braundmeier-Fleming
Isaac,,Cann
Felipe,,Cardoso
Scott,N,Carr
Tom,R,Carr
Wesley,P,Chapple
Jimmy,Howard,Clark
Alan,R,Cobb
Michael,Anthony,Cotta
Jose,A,Cuaron
Anna,Carol,Dilger
Ryan,Neil,Dilger
James,K,Drackley
Michael,,Ellis
Jason,Lee,Emmert
Dan,B,Faulkner
Amy,Elizabeth,Fischer-Brown
Jodi,A,Flaws
Keith,Allen,Garleb
Peter,James,Garlick
H,Rex,Gaskins
Georgia,M,Green
Michelle,Lynn,Green
Michael,,Grossman
Jacoba,J,Heijnen
George,,Hendrick
Gilbert,R,Hollis
Hannah,Diane,Holscher
Walter,L,Hurley
Michael,F,Hutjens
Janeen,Lyn,Johnson
Rodney,W,Johnson
Keith,W,Kelley
Darrel,J,Kesler
Kevin,Halden,Kline
Robert,Victor,Knox
Kenneth,W,Koelkebeck
Rebecca,L,Krisher
Anna,V,Kukekova
Harris,A,Lewin
Juan,J,Loor
Roderick,Ian,Mackie
Nohra,E,Mateus-Pinilla
Gene,C,McCoy
Robert,H,McCusker
Floyd,K,McKeith
Neal,R,Merchen
David,J,Miller
Cheryl,Lee,Morris
Jonathon,Forrest,Mosley
Michael,R,Murphy
Jan,E,Novakofski
Romana,Angelika,Nowak
Douglas,F,Parrett
Carl,M,Parsons
Beau,A,Peterson
Benjamin,Cole,Peterson
James,Eugene,Pettigrew
Nagendra,Prabhu,Ponnuraj
James,L,Robinson
Alfred,L,Roca
Sandra,Luisa,Rodriguez-Zas
Lauretta,A,Rund
Lawrence,B,Schook
Roger,D,Shanks
Daniel,William,Shike
Bruce,Robert,Southey
Thomas,Edward,Spike
Hans-Henrik,,Stein
Kelly,S,Swanson
David,L,Topping
Richard,L,Wallace
Douglas,Maurice,Webel
Matthew,B,Wheeler
Bryan,A,White
Phyllis,M,Wise
Bradley,F,Wolter
Mohammad,,Babadoost
Martin,O,Bohn
German,A,Bollero
Bruce,E,Branham
Patrick,J,Brown
Gustavo,,Caetano-Anolles
Brian,W,Diers
Aaron,G,Hager
Yoshie,,Hanzawa
Matthew,,Hudson
Tiffany,M,Jamann
John,A,Juvik
Gary,J,Kling
Frederic,L,Kolb
Mosbah,M,Kushad
Kris,Nicholas,Lambert
DoKyoung,,Lee
Alexander,Edward,Lipka
Stephen,P,Long
Sarah,Taylor,Lovell
Stephen,Patrick,Moose
Emerson,D,Nafziger
Cameron,M,Pittelkow
A,Lane,Rayburn
Dean,Edward,Riechers
Erik,J,Sacks
Nathan,E,Schroeder
Anthony,Joseph,Studer
Patrick,J,Tranel
Maria,Bonita,Villamil
Thomas,B,Voigt
Youfu,,Zhao
Juan,,Andrade
Keith,R,Cadwallader
Karen,Marie,Chapman-Novakofski
Hong,,Chen
Elvira,,Demejia
Sharon,M,Donovan
Nicki,Jene,Engeseth
Hao,,Feng
Linda,S,Garrow
Timothy,A,Garrow
William,G,Helferich
Yong-Su,,Jin
Jozef,L,Kokini
Soo-Yeun,,Lee
Youngsoo,,Lee
Michael,J,Miller
Scott,A,Morris
Manabu,T,Nakamura
Graciela,Wild,Padua
Yuan-Xiang,,Pan
Shelly,J,Schmidt
Pawan,Singh,Takhar
Kelly,Anne,Tappenden
Aaron,T,Ebata
Gail,Marcia,Ferguson
Barbara,,Fiese
Stephen,,Gasteyer
Jennifer,Leeann,Hardesty
Joe,Grant,Harper
Robin,L,Jarrett
Neil,A,Knobloch
Susan,Silverberg,Koerner
Karen,,Kramer
Laurie,F,Kramer
Soo,Ah,Kwon
Reed,W,Larson
Christy,L,Lleras
Brent,A,McBride
Nancy,L,McElwain
Brian,Gabriel,Ogolsky
Ramona,Faith,Oswald
Janet,Mildred,Reis
Ann,E,Reisner
David,Michael,Rosch
Constance,Hoenk,Shapiro
Erica,B,Thieman
Angela,R,Wiley
Thomas,J,Benson
May,R,Berenbaum
Jeffrey,D,Brawn
Richard,J,Brazee
Yong,,Cao
Joanne,Chin,Chee-Sanford
John,Howard,Chick
Poo,,Chow
Michael,A,Cole
Bethany,Brooke,Cutts
George,Frank,Czapar
Sergiusz,Jakob,Czesny
Robert,G,Darmody
Michael,I,Darter
Mark,B,David
Brian,M,Deal
Evan,H,Delucia
Michael,E,Douglas
Essam,Mohamed,El-Naggar
Anton,G,Endress
John,M,Epifanio
Peter,,Fagan
Jennifer,M,Fraterrigo
Eric,T,Freyfogle
George,Z,Gertner
Floyd,A,Giles
David,Aaron,Grimley
Heath,Michael,Hagy
Lawrence,M,Hanks
Glen,L,Hartman
John,J,Hassett
Edward,J,Heske
Piper,,Hodson
Jeffrey,P,Hoover
Michael,E,Irwin
Wesley,M,Jarrell
Robert,L,Jones
Angela,D,Kent
Saeed,Ahmad,Khan
Madhu,,Khanna
Schuyler,S,Korban
Frances,E,Kuo
Richard,A,Larson
Warren,,Lavey
Jeffrey,M,Levengood
Mary,Ann,Lila
Yu-Feng,,Lin
Momcilo,,Markus
Nohra,E,Mateus-Pinilla
Jeffrey,Wayne,Matthews
Gregory,F,McIsaac
Craig,A,Miller
James,Robert,Miller
Brenda,,Molano-Flores
Richard,L,Mulvaney
Kenneth,R,Olson
Ken,N,Paige
Martin,,Pentrak
Linda,,Pentrakova
David,P,Philipp
Christopher,A,Phillips
Osman,,Radwan
Mastura,,Raheel
Constantin,A,Rebeiz
Ann,E,Reisner
Jesse,C,Ribot
David,John,Riecks-Soucek
Gene,E,Robinson
Gary,L,Rolfe
Gregory,G,Sass
Wendy,,Schelsky
Robert,Lee,Schooley
F,William,Simmons
Leellen,F,Solter
Louis,A,Spomer
Joshua,D,Stafford
Kirk,,Stodola
Joseph,William,Stucki
William,C,Sullivan
Cory,David,Suski
John,M,Swiader
John,B,Taft
Christopher,A,Taylor
Jason,F,Thomason
James,,Treat
Carmen,Marlene,Ugarte
Joanne,,Vining
David,H,Wahl
Michelle,M,Wander
Michael,Patrick,Ward
Richard,Eugene,Warner
Patrick,J,Weatherhead
Anthony,,Yannarell
Wei,,Zheng
William,P,Stewart
Reginald,J,Alston
Lynette,C,Barnes
Pamela,Kay,Bigler
Marni,,Boppart
Steven,,Broglio
David,M,Buchner
Kristin,Nicole,Carlson
Les,G,Carlton
Darla,M,Castelli
Wojciech,,Chodzko-Zajko
Gary,S,Crull
Ellen,M,Evans
Robert,Morton,Fagen
Susan,M,Farner
Kim,C,Graber
Diana,S,Grigsby
Lena,,Hann
Idethia,Shevon,Harvey
Charles,H,Hillman
Kimberly,A,Huey
Yih-Kuen,,Jan
Naiman,A,Khan
Juhee,,Kim
Reed,W,Larson
Yvonne,,Learmonth
Melissa,Monique,Littlefield
Rainer,,Martens
Edward,,McAuley
Laura,Ann,McCloskey
Robert,Wayne,McGrew
Robert,W,Motl
Sean,P,Mullen
Stephen,John,Notaro
Brandt,David,Pence
Steven,J,Petruzzello
John,David,Polk
David,M,Remmert
Ian,Matthew,Rice
Karin,Ann,Rosenblatt
James,,Rounds
Andiara,,Schwingel
John,M,Snyder
Jacob,J,Sosnoff
David,Ross,Strauser
Synthia,,Sydnor
Kenneth,,Wilund
Amelia,Mays,Woods
Jeffrey,A,Woods
Yang,,Yang
Weimo,,Zhu
Laurence,,Chalip
Beverly,Christine,Green
Zhuowei,,Huang
Toni,,Liechty
Cary,D,McDonald
Lynn,Barnett,Morris
Laura,,Payne
Carla,A,Santos
Kimberly,J,Shinew
William,P,Stewart
Monika,,Stodolska
Scott,,Tainsky
Jon,,Welty-Peachey
Justin,Evan,Aronoff
Aron,Keith,Barbey
Ronny,D,Chambers
Laura,Segebart,DeThorne
David,Michael,Gooler
Pamela,Ann,Hadley
Julie,A,Hengst
Fatima,T,Husain
Aaron,,Johnson
Cynthia,J,Johnson
Karen,,Kirk
Charissa,,Lansing
Raksha,,Mudar
Frances,Adele,Proctor
Matthew,,Rispoli
Kenneth,Lloyd,Watkin
Brian,P,Bailey
Kyratso,George,Karahalios
Arthur,F,Kramer
Alejandro,,Lleras
Deana,C,McDonagh
Henry,L,Taylor
Hubert,C,White
Christopher,D,Wickens
Ahmed,Rashad,Abdel-Khalik
Waqar,,Ahmed
Glenn,D,Aquino
Romana,L,Autrey
Andrew,Michael,Bauer
Timothy,David,Bauer
Paul,J,Beck
Gregory,A,Bergmann
Clifton,E,Brown
Timothy,J,Brown
James,Charles,Calzaretta
John,S,Chandler
Xiaoling,,Chen
Stanley,Thomas,Cichowski
Susan,Mertzlufft,Curtis
Jon,S,Davis
Michael,P,Donohoe
W,Brooke,Elliott
Howard,S,Engle
Qintao,,Fan
Kirsten,Beth,Fanning
Thomas,,Finnegan
Jonathan,Bennett,Fotzler
Maurice,,Friedberg
Michael,T,Hart
Jessen,L,Hobson
Daniel,Eugene,Holder
Kevin,,Jackson
Michael,Robert,Lawler
Wei,,Li
Yue,,Li
Petro,,Lisowsky
William,Collins,McAlpine
Walter,Kurt,Meier
Gregory,Lee,Mudd
Frank,,Nekrasz
Frederick,L,Neumann
Mark,Everett,Peecher
Heather,Lynn,Pesch
Michael,Joseph,Sandretto
Rachel,,Schwartz
Julia,Phillips,Shapland
Jeffrey,M,Shaw
Peter,A,Silhan
Ira,,Solomon
Theodore,,Sougiannis
Thomas,,Sternburg
Susan,Mary,Thomas
Anne,Margaret,Thompson
Thomas,W,Vance
Brian,T,Whitlock
Eugene,,Willis
William,F,Wright
Martin,G,Wu
Arthur,R,Wyatt
Li,,Zhang
Richard,E,Ziegler
Narindar,K,Aggarwal
Gopesh,Jankinath,Anand
Nancy,D,Anderson
Phillip,C,Anderson
Michael,Kay,Bednar
Charles,W,Boast
Marcelo,,Bucheli
Joseph,L,Cheng
Dilip,,Chhajed
Joseph,A,Clougherty
Lawrence,M,DeBrock
Nancy,A,Desmond
Rajagopal,,Echambadi
Richard,,Engelbrecht-Wiggans
Hadi,S,Esfahani
Er,,Fang
Ravi,Shanker,Gajendran
David,M,Gardner
Avijit,,Ghosh
Jay,P,Kesan
John,W,Kindt
Minkyung,,Koo
Matthew,S,Kraatz
Jeffrey,M,Kurtz
Hyok-Jon,Dharma,Kwon
Paul,,Lansing
Eric,,Larson
Huseyin,,Leblebici
Michael,Kim,Lim
Yunchuan,,Liu
Jeffrey,,Loewenstein
E,Geoffrey,Love
Joseph,T,Mahoney
Ravi,Prakash,Mehta
Steven,C,Michael
Dimitri,M,Mihalas
Kent,Bourdon,Monroe
Matthew,L,Nelson
Eric,J,Neuman
Hayden,Neville,Noel
Greg,R,Oldham
Cornelia,C,Otnes
Udatta,S,Palekar
Gary,E,Pepper
William,J,Qualls
Aric,P,Rindfleisch
Mark,E,Roszkowski
Vishal,,Sachdev
Muhammad,Shahbaz,Shabbir
Sharon,,Shavitt
Michael,Jeng-Ping,Shaw
Alexander,,Sleptsov
Deepak,,Somaya
Ramanath,,Subramanyam
Fataneh,,Taghaboni-Dutta
Koji,,Taira
Madhubalan,,Viswanathan
B,Joseph,White
Tiffany,Barnett,White
Mark,Edward,Wolters
Heitor,,Almeida
Dennis,E,Beard
Anil,K,Bera
Mark,Daniel,Bernhardt
Jeffrey,R,Brown
Donald,L,Burkholder
Roger,E,Cannaday
William,W,Capel
Kuo,Chi,Chan
Shinjinee,,Chattopadhyay
Jaewon,,Choi
Peter,F,Colwell
Stephen,Paul,D'Arcy
Donald,Warren,Davis
Jeffrey,M,Davis
Tatyana,,Deryugina
Michael,A,Dyer
Joseph,E,Finnerty
Virginia,Grace,France
Don,,Fullerton
James,A,Gentry
Timothy,C,Johnson
Srinivasan,,Kannan
Mathias,,Kronlund
Josef,,Lakonishok
Morton,N,Lane
Charles,M,Linke
Matthew,Maciej,Marcinkowski
Nolan,H,Miller
Christopher,,Moyer
Elisabeth,,Oltheten
Neil,D,Pearson
George,G,Pennacchi
Scott,Edward,Perkins
Stephen,Richard,Peters
Joseph,A,Petry
Joshua,M,Pollet
Julian,Christopher,Reif
Daniel,,Sholem
Anne,,Villamil
Mark,C,Vonnahme
Kevin,G,Waspi
Scott,J,Weisbenner
David,Thomas,Whitford
Martin,,Widdicks
Mao,,Ye
Bonnie,Betts,Armbruster
Christine,M,Arpin
Arthur,J,Baroody
Eurydice,,Bauer
Erika,L,Boettcher
Mary,C,Bragiel
Deborah,Lee,Brandenburg
Liora,,Bresler
Gary,Lee,Brodnan
Kathleen,,Brodnan
David,E,Brown
John,Robert,Brunsting
Renee,T,Clift
Frederick,G,Davidson
Sheila,Rae,Dean
Marilyn,L,Denning
Mark,Allen,Dressman
Douglas,Gordon,Elrick
Georgia,E,Garcia
Jennifer,,Gartside
Karen,L,Gschwend
Rochelle,,Gutierrez
Richard,E,Hanke
Jan,,Hari
Violet,J,Harris
Gerald,Lon,Henderson
Jennifer,Quednau,Hixson
Stafford,,Hood
Barbara,,Hug
Patricia,M,Jurgens
Mary,,Kalantzis
Lilian,G,Katz
Amy,,Lazzaretto
Alisha,Lauren,Lewis
Mary,Florence,Lindquist
Yvette,Nelva,Long
Sarah,Theule,Lubienski
Nancy,A,MacGregor
Sarah,Jane,McCarthey
Cameron,R,McCarthy
Sunny,Olivia,McMurry
Christine,S,Merritt
Karla,Jean,Moller
Sharon,,Morrisette
Margery,,Osborne
Marilyn,Anita,Parsons
Adam,Roman,Poetzel
James,R,Polzin
George,Clifford,Reese
Elaine,R,Seaman
Sharon,Y,Tettegah
Kenneth,J,Travers
Lucinda,Benson,Vriner
Ian,D,Westbury
Arlette,I,Willis
Lynn,,Wurtzel
Samuel,Kern,Alexander
James,D,Anderson
Bernice,McNair,Barnett
Debra,D,Bragg
Ruth,Nicole,Brown
Nicholas,C,Burbules
William,,Cope
Antonia,,Darder
Jennifer,A,Delaney
Pradeep,A,Dhillon
Adrienne,Denise,Dixson
Anne,Haas,Dyson
Walter,,Feinberg
Lisa,S,Fink
Jeffrey,,Flesher
Priscilla,J,Fortier
Kevin,,Franklin
James,Robert,Frasier
Rebecca,,Ginsburg
Donald,,Hackmann
Richard,H,Herman
Linda,,Herrera
Mary,Beth,Herrmann
Christopher,Roy,Higgins
Denice,Ward,Hood
Wen-Hao,,Huang
Richard,C,Hunter
Stanley,O,Ikenberry
Ronald,Lynn,Jacobs
Erica,Dawn,Kalata
Hyunjung,,Kim
K,Peter,Kuchinke
Nicole,Alane,Lamers
Raymond,Anthony,Lauk
Faye,L,Lesht
Jie,,Li
Michael,C,Loui
Christopher,,Lubienski
Julia,Panke,Makela
Cris,Susan,Mayo
Cameron,R,McCarthy
Yoon,Kyung,Pak
Michael,Adrian,Peters
Raymond,Lewis,Price
Ishwanzya,,Rivers
Fazal,,Rizvi
Chris,,Roegge
Jill,B,Smart
Christopher,,Span
Laura,Jill,Taylor
Paul,W,Thurston
Tod,E,Treat
William,T,Trent
Anjale,Devawn,Welton
Rose,Mary,Wentling
Linda,L,Yonke
Carolyn,Jane,Anderson
Richard,C,Anderson
Thomas,H,Anderson
Graciela,Vazquez,Andresen
Karen,,Aprill
Darini,S,Arulpragasam
Theresa,Marie,Benson
Daniel,John,Berry
Mark,L,Blodgett
Charles,Titus,Boudreaux
Melissa,A,Bowles
Cheryl,Davis,Bullock
Hua-hua,,Chang
Kiel,,Christianson
Sandy,L,Colbs
Kimberly,D,Collins
Tressa,Helen,Crook
Gary,A,Cziko
Frederick,G,Davidson
Lori,E,Davis
Lisa,Bouillion,Diaz
Jeffrey,A,Douglas
Dorothy,L,Espelage
Jennifer,Caroline,Greene
Sharon,S,Griffin-Pierson
Marybeth,,Hallett
James,W,Hannum
Kimberly,A,Hays
Stafford,,Hood
Wen-Hao,,Huang
Lawrence,J,Hubert
Anita,Rose,Hund-Wantland
Lisa,,Kinderman
Gregory,S,Lambeth
Joycelyn,,Landrum-Brown
Constance,M,Langellier
Reed,W,Larson
Kathryn,Kurlakowsky,Leskis
Adrienne,Shiu-Ming,Lo
Jane,W,Loeb
Sabina,,Low
Carla,J,McCowan
Jose,,Mestre
Daniel,G,Morrow
Helen,A,Neville
Ramona,Faith,Oswald
Jerome,L,Packard
Michelle,,Perry
William,A,Roberts
Joseph,Paul,Robinson-Cimpian
Gail,,Rooney
James,,Rounds
Allison,M,Ryan
Katherine,E,Ryan
Thomas,A,Schwandt
Robert,E,Stake
Sharon,Y,Tettegah
Jodi,,Thomas
Linda,,Vigdor
Pamela,A,Warren
Deidre,Ann,Weathersby
Charles,K,West
Jinming,,Zhang
David,,Zola
Laurie,Grams,Andrews
Johnell,L,Bentz
Yvonne,A,Carey
Janis,,Chadsey
Stacy,K,Dymond
Susan,A,Fowler
Janet,S,Gaffney
James,W,Halle
Robert,A,Henderson
Mary-Alayne,,Hughes
Maya,,Israel
Lilian,G,Katz
Leonard,A,Lopez
Jeanette,A,McCollum
Hedda,,Meadan-Kaplansky
Lisa,Ellen,Monda-Amaya
Michaelene,,Ostrosky
Adelle,M,Renzaglia
James,G,Shriner
David,Ross,Strauser
Susan,J,Talbott
John,S,Trach
Rachel,E,Wheeler
Joseph,,Bentsman
Lawrence,A,Bergman
Ryan,B,Berke
Daniel,J,Bodony
Michael,B,Bragg
Timothy,Wolfe,Bretl
John,D,Buckmaster
Rodney,L,Burton
David,Leon,Carroll
Ioannis,,Chasiotis
Huck,Beng,Chew
Christian,Miguel,Chilan
Kenneth,T,Christensen
Soon-Jo,,Chung
Bruce,A,Conway
Victoria,Lynn,Coverstone
Steven,Joseph,D'Urso
J,Craig,Dutton
Gregory,S,Elliott
Jonathan,,Freund
Xingxin,,Gao
Philippe,H,Geubelle
Harry,H,Hilton
Naira,,Hovakimyan
Thomas,L,Jackson
John,,Lambros
Cedric,,Langbort
Ki,D,Lee
Eric,,Loth
Arif,,Masud
Donald,Michael,McFarland
George,H,Miley
N,Sri,Namachchivaya
Marco,,Panesi
John,E,Prussing
Srinivasa,M,Salapaka
Michael,S,Selig
Wayne,C,Solomon
Nancy,R,Sottos
Alexander,F,Vakakis
Petros,G,Voulgaris
Scott,R,White
Brian,S,Woodard
Narayana,R,Aluru
Jennifer,,Amos
Thomas,J,Anastasio
Rashid,,Bashir
Rohit,,Bhargava
Stephen,Allen,Boppart
Yoram,,Bresler
Jianjun,,Cheng
Brian,T,Cunningham
Aditi,,Das
Minh,N,Do
Wawrzyniec,,Dobrucki
John,G,Georgiadis
Martha,L,Gillette
Steve,,Granick
Brendan,A,Harley
K,Jimmy,Hsia
Elizabeth,T,Hsiao-Wecksler
Michael,,Insana
Iwona,M,Jasiuk
Yong-Su,,Jin
Cornelis,Victor,Jongeneel
Kyekyoon,,Kim
Hyun,Joon,Kong
Wentao,,Kong
Deborah,E,Leckband
Zhi-Pei,,Liang
Sung,Jun,Lim
Gang,Logan,Liu
Ting,,Lu
Yi,,Lu
Jian,,Ma
Su-A,,Myong
Mark,E,Nelson
Boris,M,Odintsov
Michael,L,Oelze
Gabriel,,Popescu
John,A,Rogers
Lawrence,B,Schook
Klaus,J,Schulten
Andrew,M,Smith
Brad,,Sutton
Jonathan,V,Sweedler
Kimani,C,Toussaint
Gregory,H,Underhill
Fei,,Wang
Michelle,Yongmei,Wang
Ning,,Wang
Bruce,C,Wheeler
Matthew,B,Wheeler
Yuanhui,,Zhang
Huimin,,Zhao
Daniel,P,Abrams
Ange-Therese,,Akono
Imad,L,Al-Qadi
Bassem,O,Andrawes
Rahim,F,Benekohal
Tami,C,Bond
Ximing,,Cai
Eun,Jeong,Cha
Roland,,Cusick
Carlos,Armando,Duarte
Nora,,El-Gohary
Khaled,A,El-Rayes
Ahmed,,Elbanna
Larry,Alan,Fahnestock
Marcelo,Horacio,Garcia
Paolo,,Gardoni
Jeremy,S,Guest
Megan,,Konar
Praveen,,Kumar
James,Michael,LaFave
David,A,Lange
Susan,M,Larson
Liang,Y,Liu
Wen-Tso,,Liu
Franklin,T,Lombardo
Oscar,,Lopez-Pamies
Benito,Jose,Marinas
Arif,,Masud
Hadi,,Meidani
Yujie,,Men
Gholamreza,,Mesri
Barbara,S,Minsker
Paramita,,Mondal
Thanh,Huong,Nguyen
Scott,Michael,Olson
Yanfeng,,Ouyang
Hasan,,Ozer
Gary,,Parker
Joshua,Michael,Peschel
John,S,Popovics
Jeffery,Raphael,Roesler
Mark,J,Rood
Cassandra,J,Rutherford
Arthur,R,Schmidt
Murugesu,,Sivapalan
Timothy,D,Stark
Ashlynn,Suzanne,Stillwell
Erol,,Tutumluer
Albert,J,Valocchi
Vishal,,Verma
Daniel,,Work
Julie,,Zilles
Tarek,,Abdelzaher
Sarita,V,Adve
Vikram,Sadanand,Adve
Gul,A,Agha
Eyal,,Amir
Lawrence,Christopher,Angrave
Brian,P,Bailey
Gordon,J,Baker
John,Christian,Bambenek
Lloyd,,Barr
Geneva,G,Belford
Nikita,,Borisov
Timothy,Wolfe,Bretl
Marco,,Caccamo
Matthew,Chapman,Caesar
R,H,Campbell
Franck,,Cappello
Kevin,Chen-Chuan,Chang
Chandra,Sekhar,Chekuri
Deming,,Chen
Weng,Cho,Chew
Jennifer,S,Cole
Daniel,,Dig
Miles,James,Efron
Jeff,G,Erickson
Santiago,,Escobar
Margaret,M,Fleck
David,Alexander,Forsyth
H,George,Friedman
Wai-Tat,,Fu
Maria,Jesus,Garzaran
Leslie,G,Gasser
Charles,,Gear
Corina,R,Girju
Philip,B,Godfrey
William,D,Gropp
Carl,,Gunter
Elsa,,Gunter
Indranil,,Gupta
Jiawei,,Han
Sariel,,Har-Peled
Mehdi,T,Harandi
John,C,Hart
Mark,Allan,Hasegawa-Johnson
Michael,T,Heath
Cinda,,Heeren
Anil,Nirmal,Hirani
Julia,Constanze,Hockenmaier
Derek,W,Hoiem
Yih-Chun,,Hu
Thomas,S,Huang
Seth,Andrew,Hutchinson
Wen-Mei,W,Hwu
Ravishankar,K,Iyer
Sheldon,Howard,Jacobson
Laxmikant,V,Kale
Samuel,N,Kamin
Kyratso,George,Karahalios
Alex,,Kirlik
Negar,,Kiyavash
Alexandra,,Kolla
Robin,Hillary,Kravets
William,J,Kubitz
Steven,M,Lavalle
Duncan,H,Lawrie
Svetlana,,Lazebnik
Steven,Sam,Lumetta
Jian,,Ma
Darko,,Marinov
Kenton,Guadron,McHenry
Kirill,Alexandrovich,Mechitov
Jose,,Meseguer
M,Dennis,Mickunas
Klara,,Nahrstedt
David,Malcolm,Nicol
Luke,,Olson
David,A,Padua
Madhusudan,,Parthasarathy
Leonard,B,Pitt
Constantine,,Polychronopoulos
Manoj,M,Prabhakaran
Edward,M,Reingold
Frederick,A,Rodgers
Grigore,,Rosu
Dan,,Roth
Robin,A,Rutenbar
William,H,Sanders
Paul,E,Saylor
Bruce,R,Schatz
Peter,,Schran
Lui,Raymond,Sha
Eric,Gene,Shaffer
Saurabh,,Sinha
Robert,D,Skeel
Paris,,Smaragdis
Gale,D,Taylor
Umesh,,Thakkar
Josep,,Torrellas
Michael,Bernard,Twidale
Nitin,H,Vaidya
Shobha,,Vasudevan
Paul,C,Violas
Mahesh,,Viswanathan
Lili,,Wang
Marianne,S,Winslett
Michael,Joseph,Woodley
Chengxiang,,Zhai
Craig,,Zilles
Ilesanmi,,Adesida
Haitham,,Al-Hassanieh
Jont,,Allen
Juan,,Alvarez
Michael,Donald,Bailey
Juliy,,Baryshnikov
M,Tamer,Basar
Can,,Bayram
Mohamed,Ali,Belabbas
Jennifer,Truman,Bernhard
Stephen,Allen,Boppart
Nikita,,Borisov
Subhonmesh,,Bose
Yoram,,Bresler
Andreas,C,Cangellaris
Paul,Scott,Carney
Deming,,Chen
Yuting,Wu,Chen
Zuofu,,Cheng
Weng,Cho,Chew
Hyungsoo,,Choi
Kent,D,Choquette
Brian,T,Cunningham
John,Michael,Dallesasse
Minh,N,Do
Alejandro,,Dominguez-Garcia
Peter,D,Dragic
James,Gary,Eden
Arne,Woolsey,Fliflet
Patricia,M,Franke
Steven,J,Franke
Liang,,Gao
Matthew,,Gilbert
Lynford,L,Goddard
Songbin,,Gong
George,,Gross
Bruce,,Hajek
Lippold,,Haken
Pavan,Kumar,Hanumolu
Kiruba,Sivasubramaniam,Haran
Mark,Allan,Hasegawa-Johnson
Wei,,He
Philip,M,Hillmer
Yih-Chun,,Hu
Seth,Andrew,Hutchinson
Wen-Mei,W,Hwu
Ravishankar,K,Iyer
Jianming,,Jin
Douglas,L,Jones
Farzad,,Kamalabadi
Timothy,L,Killeen
Kyekyoon,,Kim
Nam,Sung,Kim
Negar,,Kiyavash
Erhan,,Kudeki
Rakesh,,Kumar
Jean-Pierre,,Leburton
Stephen,E,Levinson
Xiuling,,Li
Zhi-Pei,,Liang
Daniel,M,Liberzon
Gang,Logan,Liu
Yi,,Lu
Steven,Sam,Lumetta
Joseph,W,Lyding
Jonathan,J,Makela
Olgica,,Milenkovic
Sayan,,Mitra
Pierre,,Moulin
David,Malcolm,Nicol
Michael,L,Oelze
Thomas,J,Overbye
Sanjay,Jeram,Patel
Gabriel,,Popescu
Chandrasekhar,,Radhakrishnan
Maxim,,Raginsky
Umberto,,Ravaioli
Elyse,,Rosenbaum
William,H,Sanders
Peter,W,Sauer
Christopher,,Schmitz
Jose,E,Schutt-Aine
Naresh,R,Shanbhag
Andrew,Carl,Singer
Paris,,Smaragdis
Rayadurgam,,Srikant
Nitin,H,Vaidya
David,,Varodayan
Lav,R,Varshney
Shobha,,Vasudevan
Venugopal,Varadachari,Veeravalli
Pramod,,Viswanath
Yurii,A,Vlasov
Lara,,Waldrop
Daniel,M,Wasserman
Hao,,Zhu
Wenjuan,,Zhu
James,,Allison
Carolyn,L,Beck
Xin,,Chen
Liming,,Feng
Negar,,Kiyavash
Girish,,Krishnan
Lavanya,,Marla
Rakesh,,Nagi
Angelia,,Nedich
Sewoong,,Oh
Alexander,,Olshevsky
Raymond,Lewis,Price
Henrique,M,Reis
Richard,B,Sowers
Ramavarapu,S,Sreenivas
Dusan,M,Stipanovic
Deborah,L,Thurston
Qiong,,Wang
Robert,S,Averback
Pascal,,Bellon
Paul,V,Braun
David,G,Cahill
Qian,,Chen
Jianjun,,Cheng
Shen,J,Dillon
Christopher,,Evans
Andrew,,Ferguson
Pinshane,,Huang
Kristopher,,Kilian
Waltraud,M,Kriven
Jessica,Anne,Krogstad
Angus,Alexander,Rockett
John,A,Rogers
Andre,,Schleife
Kenneth,S,Schweizer
Jian,Ku,Shang
Moonsub,,Shim
Daniel,Philip,Shoemaker
Nancy,R,Sottos
Dallas,,Trinkle
Jian-Min,,Zuo
Andrew,G,Alleyne
Narayana,R,Aluru
Gaurav,,Bahl
Joseph,,Bentsman
M,Quinn,Brewster
Harry,,Dankowicz
Geir,E,Dullerud
Alison,Campbell,Dunn
Stefan,,Elbel
Elif,,Ertekin
Randy,H,Ewoldt
Placid,Mathew,Ferreira
Paul,,Fischer
Jonathan,,Freund
Nick,G,Glumac
Robert,B,Haber
Sascha,,Hilgenfeldt
Naira,,Hovakimyan
Predrag,Stojan,Hrnjak
Elizabeth,T,Hsiao-Wecksler
Yuhang,,Hu
Shelby,,Hutchens
Anthony,M,Jacobi
Iwona,M,Jasiuk
Harley,T,Johnson
Gabriel,,Juarez
Shiv,Gopal,Kapoor
Mariana,Elizabeth,Kersh
Seok,,Kim
William,Paul,King
Peter,,Kurath
Chia-Fon,,Lee
Tonghun,,Lee
Moshe,,Matalon
Prashant,Girdharilal,Mehta
Nenad,,Miljkovic
SungWoo,,Nam
Carlos,A,Pantano-Rubino
Hae,Won,Park
Arne,J,Pearlstein
Christophe,,Pierre
Srinivasa,M,Salapaka
Huseyin,,Sehitoglu
Chenhui,,Shao
Sanjiv,,Sinha
Kyle,C,Smith
Petros,,Sofronis
Martin,Ostoja,Starzewski
Kelly,,Stephani
Donald,Scott,Stewart
Sameh,H,Tawfick
Brian,G,Thomas
Daniel,A,Tortorelli
Kimani,C,Toussaint
Alexander,F,Vakakis
Surya,Pratap,Vanka
Ning,,Wang
Xiaofei,,Wang
Matthew,,West
Aimy,,Wissa
Michael,,Aref
Robert,S,Averback
Roy,A,Axford
Stephen,Allen,Boppart
Davide,,Curreli
Thomas,J,Dolan
James,Gary,Eden
Masab,H,Garada
Brent,J,Heuser
Bruce,L,Hutchings
Barclay,G,Jones
Brian,Edward,Jurczyk
Michael,David,Kaminski
Kyekyoon,,Kim
Kyu,Jung,Kim
Tomasz,,Kozlowski
Susan,M,Larson
Charles,P,Marsh
Ling,Jian,Meng
George,H,Miley
David,W,Miller
Zahra,,Mohaghegh
Richard,F,Nelson
Martin,John,Neumann
Magdi,,Ragheb
David,N,Ruzic
Clifford,E,Singer
Robert,,Stubbers
James,F,Stubbins
Clair,Julia,Sullivan
Brian,G,Thomas
Dallas,,Trinkle
Rizwan,,Uddin
Yang,,Zhang
Peter,Michael,Abbamonte
Peter,John,Adshead
Oleksii,,Aksimentiev
Douglas,H,Beck
David,R,Bergandine
Alexey,,Bezryadin
Raffi,,Budakian
David,M,Ceperley
Yann,Robert,Chemla
Bryan,K,Clark
S,Lance,Cooper
Karin,A,Dahmen
Brian,Leeds,DeMarco
James,N,Eckstein
Aida,X,El-Khadra
Steven,M,Errede
Thomas,,Faulkner
Jeffrey,P,Filippini
Eduardo,H,Fradkin
Bryce,,Gadway
Charles,Forbes,Gammie
Russell,W,Giannetta
Nigel,D,Goldenfeld
George,D,Gollin
Benjamin,,Hooberman
Alfred,Wilhelm,Hubler
Taylor,L,Hughes
Thomas,E,Kuhlman
Paul,G,Kwiat
Anthony,J,Leggett
Robert,G,Leigh
Virginia,,Lorenz
Gregory,,MacDougall
Vidya,,Madhavan
Nadya,,Mason
Jose,,Mestre
Telemachos,Ch,Mouschovias
Munir,H,Nayfeh
Mark,,Neubauer
Yoshitsugu,,Oono
Jen-Chieh,,Peng
Philip,W,Phillips
Kevin,T,Pitts
Rebecca,J,Rosenblatt
Shinsei,,Ryu
Peter,E,Schiffer
Klaus,J,Schulten
Harry,Edward,Seidel
Mats,A,Selen
Paul,R,Selvin
Stuart,Louis,Shapiro
Julia,F,Shelton
Anne,M,Sickles
Jun,,Song
Timothy,J,Stelzer
Michael,,Stone
Smitha,,Vishveshwara
Scott,S,Willenbrock
James,E,Wiss
Liang,,Yang
Johann,,Albrecht
Mir,M,Ali
Abbas,,Aminmansour
James,R,Anderson
Michael,J,Andrejasich
Kathryn,H,Anthony
Paul,J,Armstrong
Richard,J,Betts
Botond,,Bognar
Mohamed,,Boubekri
David,,Chasco
Brian,M,Deal
Lynne,Marie,Dearborn
Randall,,Deutsch
Kevin,N,Erickson
William,H,Erwin
William,L,Gamble
John,S,Garner
Wilma,Jean,Geil
Rebecca,,Ginsburg
Wolfgang,,Haken
Gaines,B,Hall
Ralph,Eugen,Hammann
Erik,,Hemingway
Leonard,F,Heumann
Kevin,J,Hinders
Sharon,Lee,Irish
Jeffrey,Charles,Kansler
Paul,Hardin,Kapp
Michael,Kyong-il,Kim
Paul,S,Kruty
Helen,,Kuznetsov
Alejandro,,Lapunzina
Vidar,,Lerum
Joy,Monice,Malnar
Michael,T,McCulley
Marshal,D,McGlamery
Robert,T,Mooney
Richard,H,Moses
Scott,Charles,Murray
Paul,A,Palumbo
Henry,S,Plummer
Jeffery,S,Poss
Panayiota,,Pyla
D,Fairchild,Ruggles
Ronald,E,Schmitt
Robert,I,Selby
John,Robert,Senseney
John,Charles,Stallmeyer
Richard,Karl,Strand
Mark,,Taylor
Therese,Frances,Tierney
Marci,Smith,Uihlein
Lee,W,Waldrep
James,P,Warfield
Joseph,W,Wenzel
David,,Wickersheimer
William,W,Worn
Fengying,,Yan
Conrad,Quentin,Bakker
Luke,,Batten
Susan,E,Becker
Eric,,Benson
Jane,,Block
Debra,L,Bolgla
Liora,,Bresler
William,C,Bullock
Anne,,Burkus-Chasson
Jennifer,,Burns
Kenneth,Raymond,Carls
Stephen,,Cartwright
Donna,J,Cox
Elizabeth,M,Delacruz
Robin,C,Douglas
Paul,Angus,Duncum
Jonathan,D,Fineberg
Cara,Anne,Finnegan
Jay,,Gates
Rebecca,,Ginsburg
Nan,Elizabeth,Goggin
Renate,G,Gokl
Ryan,,Griffis
Kimiko,,Gunji
Jennifer,Misuzu,Gunji-Ballsrud
Gerald,W,Guthrie
Kevin,,Hamilton
Patrick,E,Hammie
Kathleen,,Harleman
David,Lyle,Hays
Anne,D,Hedeman
Laura,,Hetrick
Lauretta,J,Hogin
Eric,R,Hostetter
Bradley,,Hudson
Julia,,Kellman
Barbara,F,Kendrick
Thomas,G,Kovacs
Ronald,R,Kovatch
Sarah,L,Krepp
Jorge,,Lucero
Areli,,Marina
Deana,C,McDonagh
Sandy,,Meier
Alan,T,Mette
Vernon,H,Minor
David,J,O'Brien
Michael,J,Parsons
Ruth,,Perlin
Matthew,,Peterson
Stephen,,Phillips
Melissa,,Pokorny
Kevin,,Reeder
Linda,F,Robbennolt
Lisa,,Rosenthal
Joel,,Ross
D,Fairchild,Ruggles
Anne,Helen,Sautman
Muriel,,Scheinman
Ernest,D,Scott
Sung,Soo,Shin
Daniel,F,Socha
Aurelia,M,Spicuzza
Joseph,C,Squier
Billie,J,Theide
Jun,,Tian
Bradley,K,Tober
A,Robert,Twardock
Oscar,,Vazquez
Andrew,H-J,Wang
David,Deke,Weaver
David,Ian,Weightman
Terri,,Weissman
Catherine,A,Wiesener
Jeryldene,M,Wood
Shuyu,,Wu
Kenneth,D,Beck
Denis,,Chiaramonte
Laura,Jean,Chiaramonte
John,,Dayger
Jan,K,Erkert
Kimberly,Dee,Hardin
Sara,,Hook
Philip,T,Johnston
Patricia,K,Knowles
Kate,D,Kuper
Linda,M,Lehovec
Jennifer,,Monson
Alexander,D,Murray
Rebecca,C,Nettl-Fiol
Terrance,R,O'Connor
Cynthia,,Oliver
Kirstie,,Simson
John,M,Toenjes
Renee,,Wadleigh
Kathryn,H,Anthony
Danika,Farida,Cooper
Brian,M,Deal
Margaret,Elen,Deming
Christopher,,Fennell
Rebecca,,Ginsburg
David,Lyle,Hays
Jessica,Marie,Henson
Eujin,Julia,Kim
Man,Li,Liao
Mary,Patricia,McGuire
D,Fairchild,Ruggles
Stephen,Michael,Sears
Helaine,I,Silverman
Amita,,Sinha
William,P,Stewart
William,C,Sullivan
David,J,Allen
Janet,R,Barrett
Christina,,Bashford
Louis,S,Bergonzi
Philipp,,Blume
Liora,,Bresler
Ronald,S,Bridgewater
William,F,Brooks
Zack,D,Browning
Donna,A,Buchanan
Michael,J,Cameron
Carlos,R,Carrillo
Teofilo,L,Carrillo
Elliot,L,Chasanov
Barrington,L,Coleman
Charles,JC,Daval
Ollie,Watts,Davis
John,,Dee
Timothy,J,Ehlen
Ricardo,,Flores
Elizabeth,D,Freivogel
Megan,Ruth,Freivogel
Guy,E,Garnett
Erin,Elizabeth,Gee
Vince,Anthony,Genualdi
Lawrence,W,Gray
Julie,Jordan,Gunn
Nathan,,Gunn
Rudolf,,Haken
Dawn,M,Harris
James,David,Harris
William,H,Heiles
Dennis,,Helmrich
Joseph,,Herl
Luis,Ricardo,Herrera
Joan,B,Hickey
Ian,R,Hobson
Barry,L,Houser
Sarah,Wigley,Johnson
Hans,G,Kaper
Jonathan,,Keeble
William,A,Kinderman
Dmitry,,Kouzov
Adam,John,Kruse
Nelson,,Lee
Kerrith,,Livengood
Erik,R,Lund
Christopher,B,Macklin
Gayle,Sherwood,Magee
Jeffrey,S,Magee
Daniel,J,McDonough
Timothy,S,McGovern
Charles,L,McNeill
Andrew,Donald,Megill
Stefan,,Milenkovich
Charlotte,Mattax,Moersch
William,,Moersch
Mark,E,Moore
Linda,,Moorhouse
Bruno,,Nettl
Jeananne,Blythe,Nichols
Susan,H,Parisi
Elizabeth,B,Peterson
Stephen,,Peterson
Ulrike,,Praeger
James,E,Pugh
Yvonne,Gonzales,Redman
Debra,A,Richtmeyer
Dana,M,Robinson
Ronald,,Romm
Donald,J,Schleicher
Bernhard,David,Scully
Rochelle,,Sennet
Jerold,,Siena
Michael,B,Silvers
Gabriel,,Solis
Andrea,,Solya
Joel,William,Spencer
John,C,Stephens
Sylvia,,Stone
Bridget,Mary,Sweet
Heinrich,K,Taube
Stephen,A,Taylor
Nicholas,,Temperley
Reynold,,Tharp
Michael,Porter,Tilley
Sever,,Tipei
Christos,,Tsitsaros
Scott,Alan,Wyatt
Philip,,Yampolsky
Ann,Marie,Yeung
Robert,G,Anderson
Robert,W,Barrett
Terry,Anne,Ciofalo
Kimberly,D,Curtis
Peter,A,Davis
Jeremy,,Day
Lisa,G,Dixon
Adriane,Binky,Donley
Nicole,,Faurant
Regina,M,Garcia
J,Michael,Griggs
Jeffrey,Eric,Jenkins
Samantha,Crystal,Jones
Lisa,J,Kidd
Cynthia,,Kocher
Jeffrey,S,Magee
Verda,Beth,Martell
Olga,Markovna,Maslova
Robin,,McFarquhar
Thomas,J,Miller
Thomas,Owen,Mitchell
Jason,William,Morrissette
Kathy,Anne,Perkins
Robert,,Perry
Christina,M,Rainwater
Susan,M,Schuld
Anna,Westerstahl,Stenport
Andrea,,Stevens
Daniel,J,Sullivan
Katherine,R,Syer
Carol,Lynne,Symes
David,Deke,Weaver
Michael,W,Williams
Christopher,Alan,Wood
Myles,D,Berman
Arnab,,Chakraborty
Brian,M,Deal
Lynne,Marie,Dearborn
Marc,J,Doussard
Mary,Margaret,Edwards
Edward,,Feser
Deanna,M,Glosser
Andrew,Jordan,Greenlee
Stacy,Anne,Harwood
Joseph,Edward,Hooker
Lewis,D,Hopkins
Tschangho,John,Kim
Bruce,Alan,Knight
Robert,Gerrett,Kowalski
Devin,,Lavigne
Bumsoo,,Lee
Daniel,P,McMillen
Ruby,,Mendenhall
Faranak,,Miraftab
Alice,E,Novak
Robert,B,Olshansky
Craig,,Rost
Ken,Edgar,Salo
Daniel,W,Schneider
Anne,H,Silvis
Kai,,Tarum
Elizabeth,Holl,Tyler
Bruce,K,Walden
Beverly,K,Wilson
Masooda,N,Bashir
Ann,P,Bishop
Alistair,Matthew,Black
Catherine,Lesley,Blake
Maria,Stella,Bonn
Pauline,A,Cochrane
Timothy,W,Cole
Nicole,Amy,Cooke
Peter,Thomas,Darch
Charles,H,Davis
Susan,Gray,Davis
Jana,,Diesner
J,Stephen,Downie
David,Scott,Dubin
Miles,James,Efron
Leigh,S,Estabrook
Barbara,Jean,Ford
Jon,Patrick,Gant
Leslie,G,Gasser
Valerie,,Hotchkiss
Joseph,Brantley,Houston
Christine,A,Jenkins
Kyratso,George,Karahalios
Paula,T,Kaufman
Lori,Sue,Kendall
Donald,W,Krummel
Kathryn,Anne,LaBarre
Bertram,,Ludaescher
Rachel,Michelle,Magee
Bonnie,,Mak
Jerome,Patrick,McDonough
Kathleen,,McDowell
Zahra,,Mohaghegh
Carole,,Palmer
Warden,B,Rayward
Allen,H,Renear
Selma,,Richardson
Sandra,Luisa,Rodriguez-Zas
Dan,,Roth
Bruce,R,Schatz
Daniel,Toby,Schiller
Susan,Ellis,Searing
Linda,C,Smith
Victoria,,Stodden
Carol,L,Tilley
Vetle,Ingvald,Torvik
Michael,Bernard,Twidale
Shaowen,,Wang
Terry,,Weech
John,P,Wilkin
Kathleen,H,Williams
Chengxiang,,Zhai
Christopher,M,Ames
Steven,,Ashby
Ariel,Chanan,Avgar
Symantha,,Aydt
Elizabeth,A,Barker
Richard,,Benton
Robert,Anthony,Bruno
Maria,Teresa,Cardador
Ying,,Chen
Alison,,Dickson
Fritz,,Drasgow
Matthew,W,Finkin
Elizabeth,Carla,Forsythe
Daniel,,Gilbert
Martha,E,Glotzhober
Wendy,E,Gooch
Pamela,A,Hartke
Edward,,Hertenstein
Lynne,A,Hoveln
Amit,,Kramer
Emily,,Labarbera-Twarog
James,Ryan,Lamare
John,J,Lawler
Michael,H,Leroy
Nell,Catherine,Madigan
Joseph,J,Martocchio
Mary,K,McCallen
Craig,Allen,Olson
YoungAh,,Park
Matthew,T,Quinlan
Emily,Elizabeth,Smith
Yoo-Seong,,Song
Andrew,,Weaver
Ronald,William,Bailey
Merle,L,Bowen
Sundiata,,Cha-Jua
William,Louis,Conwill
Karen,,Flynn
Faye,V,Harrison
Robin,L,Jarrett
Candice,M,Jenkins
Erik,S,McDuffie
Malaika,W,McKee
Ruby,,Mendenhall
John,P,Meyers
Helen,A,Neville
Sharde,,Smith
Nafissa,D,Thompson-Spires
Jennifer,L,Davis
Robert,,Warrior
Alison,Marie,Bell
Carla,E,Caceres
Julian,Michael,Catchen
Becky,Claire,Fuller
Jonathan,D,Marcot
Ken,N,Paige
Karen,,Sears
Andrew,,Suarez
Stanley,H,Ambrose
Jessica,F,Brinkworth
Alison,,Carter
Jennifer,L,Davis
Jane,,Desmond
Virginia,Rosa,Dominguez
Brenda,M,Farnell
Christopher,,Fennell
Jessica,R,Greenberg
Faye,V,Harrison
Cris,Erin,Hughes
Petra,,Jelinek
Lyle,W,Konigsberg
Elise,Ann,Kramer
Adrienne,Shiu-Ming,Lo
Lisa,J,Lucero
Ripan,S,Malhi
Martin,Fajardo,Manalansan
Jeffrey,T,Martin
Ellen,,Moodie
Andrew,,Orta
Timothy,R,Pauketat
John,David,Polk
Gilberto,,Rosas
Charles,C,Roseman
Mahir,,Saul
Laura,Lynn,Shackelford
Helaine,I,Silverman
Rebecca,,Stumpf
Lisa,Marie,Cacho
Augusto,F,Espiritu
Susan,,Koshy
Soo,Ah,Kwon
Martin,Fajardo,Manalansan
Fiona,,Ngo
Mimi,Thi,Nguyen
Angela,Naomi,Paik
Junaid,,Rana
Robert,J,Brunner
Neal,Krishnakant,Dalal
Brian,David,Fields
Charles,Forbes,Gammie
Emily,Elizabeth,Hardegree-Ullman
Athol,J,Kemball
Xin,,Liu
Leslie,W,Looney
Telemachos,Ch,Mouschovias
Paul,Milton,Ricker
Yue,,Shen
Joaquin,Daniel,Vieira
Tony,,Wong
Francina,,Dominguez
Jeffrey,,Frame
Deanna,,Hence
Atul,,Jain
Sonia,,Lasher-Trapp
Greg,Michael,McFarquhar
Stephen,,Nesbitt
Robert,M,Rauber
Nicole,,Riemer
Michael,E,Schlesinger
Ryan,,Sriver
Robert,,Trapp
Zhuo,,Wang
Donald,J,Wuebbles
Rutilio,,Fratti
John,Alan,Gerlt
Raven,H,Huang
Hong,,Jin
David,M,Kranz
Susan,A,Martinis
James,H,Morrissey
Satish,K,Nair
Erik,,Procko
David,J,Shapiro
Stephen,G,Sligar
Stephanie,Ann,Smith
Emad,,Tajkhorshid
Kai,,Zhang
Andrew,S,Belmont
William,M,Brieher
Jie,,Chen
Brian,C,Freeman
Martha,L,Gillette
Prasanth,Kumar,Kannanganattu
Xin,,Li
Craig,Andrew,Mizzen
Phillip,A,Newmark
Supriya,Gangadharan,Prasanth
David,H,Rivier
Mary,A,Schuler
Rachel,,Smith-Bolton
Lisa,J,Stubbs
Vivian,,Tang
Anita,Lynn,Boone
Shane,Ryan,Brownfield
Karri,E,Cagle
Leslie,A,Chenoweth
Jeffrey,D,Craig
Danielle,Susanne,Cruzan
Michelle,Ann,Davis
Wolali,A,Dedo
Feng,,Dong
Ratna,Ghosh,Dutta
Ronald,D,Edmison
William,R,Eggett
Elizabeth,Diane,Eves
Jonathan,Conrad,Freiman
Brian,Robert,Fulton
Yi-Gui,,Gao
Andrew,M,Gibbs
Danielle,L,Gray
Beth,A,Gregory
Kara,,Haley
Michael,J,Hallock
Michael,Allen,Harland
Mark,A,Hewitt
David,W,Hire
Tracie,L,Hubert
Bradley,,Johnstone
Cheryl,L,Kappes
Urbashi,,Karki
Kyle,Jane,Kroha
Nancy,Lynn,Lamb
Deborah,E,Leckband
Dorothy,R,Loudermilk
Brad,A,Lutz
Kenneth,N,Luyando
Christine,L,Majers
Julie,Ann,Maze
Birgit,Dahlberg,McCall
Sandra,Kay,McMasters
Susan,Lynn,Mynatt
Gayle,Lynn,Nelsen
Mark,Joseph,Nilges
Kenton,James,Northen
Dean,,Olson
Shirley,Mae,Panepinto
Taras,V,Pogorelov
Beverly,M,Rauchfuss
James,M,Rhoton
Jennifer,Rae,Russell
Lori,L,Sage-Karlson
Mary,Lynnae,Smith
Roger,W,Smith
Karla,Ann,Southern
David,Todd,Spinner
Holly,Christine,Spinner
Donald,Chad,Stevens
Furong,,Sun
Andre,,Sutrisno
Jonathan,V,Sweedler
Michael,,Thompson
Kevin,Ryan,Tucker
Charles,,Wallbaum
Kyle,Leon,Webb
Zachary,R,Widup
Thomas,E,Wilson
Charles,Kenneth,Wooldridge
Haijun,,Yao
Chen,,Zhang
Lingyang,,Zhu
Joshua,Edward,Bennett
Ying,,Diao
David,William,Flaherty
Damien,S,Guironnet
William,S,Hammack
Brendan,A,Harley
Jerrod,Antwone,Henderson
Hyun,Joon,Kong
Mary,L,Kraft
Deborah,E,Leckband
Christopher,V,Rao
Simon,,Rogers
Charles,M,Schroeder
Edmund,G,Seebauer
Diwakar,,Shukla
Charles,E,Sing
Troy,,Vogel
Hong,,Yang
Huimin,,Zhao
Ryan,C,Bailey
Martin,,Burke
Scott,E,Denmark
Dana,D,Dlott
Andrew,A,Gewirth
Gregory,S,Girolami
Sharon,,Hammes-Schiffer
Paul,,Hergenrother
So,,Hirata
Tina,Hai-Ti,Huang
Kami,Lee,Hull
Prashant,,Jain
David,A,Kell
Michael,,Koerner
Deborah,E,Leckband
Yi,,Lu
Zaida,Ann,Luthey-Schulten
Nancy,,Makri
Kelly,,Marville
Benjamin,,McCall
Douglas,Alan,Mitchell
Jeffrey,S,Moore
Catherine,Jones,Murphy
Amy,Lynn,Nicely
Ralph,G,Nuzzo
Eric,,Oldfield
John,Walter,Overcash
Michael,,Pak
Chad,,Rienstra
David,,Sarlah
Scott,K,Silverman
Alexander,Vasilyevich,Soudakov
Jonathan,V,Sweedler
Joshua,,Vura-Weis
Alison,Renee,Weitzel
M,Christina,White
David,E,Woon
Steven,C,Zimmerman
Ariel,N,Alexander
Scott,,Althaus
William,,Barley
Cabral,Aziza,Bigman-Galimore
Elisabeth,,Bigsby
Caroline,M,Bunch
John,Patrick,Caughlin
Josue,David,Cisneros
Thomas,Joseph,Costello
Kathleen,A,Ditewig-Morris
Travis,L,Dixon
Cara,Anne,Finnegan
Benjamin,Joseph,Gailey
Lisa,,Guntzviller
Sally,A,Jackson
Curtis,Scott,Jacobs
Leanne,,Knobloch
John,Charles,Lammers
Robert,W,McChesney
Mary,,McGrath
Melanie,,Michael
John,M,Murphy
Thomas,E,O'Gorman
Alyssa,,Obradovich
Marshall,Scott,Poole
Elizabeth,E,Popp
Brian,L,Quick
Mary,Ellen,Ramey
Inger,Lisbeth,Stole
David,H,Tewksbury
Lauren,H,VanNatta
Trina,J,Wright-Dixon
Nancy,,Blake
Eric,Stickley,Calderwood
George,Zbigniew,Gasyna
Rachel,Sylvia,Harris
Wail,Seddiq,Hassan
Stephanie,M,Hilger
Lilya,,Kaganovsky
Brett,Ashley,Kaplan
Jean-Philippe,R,Mathy
Rini,Bhattacharya,Mehta
Harriet,Lisa,Murav
Robert,A,Rushing
Robert,,Tierney
Robert,E,Kanter
Zong-Qi,,Cai
Kai-Wing,,Chow
Rika,,Kinoshita
Jeffrey,T,Martin
Alexander,Leonhard,Mayer
Junko,,Onosaka
Elizabeth,A,Oyler
Jerome,L,Packard
Brian,Douglas,Ruppert
Misumi,,Sadler
Dan,,Shao
Chilin,,Shih
Robert,,Tierney
Roderick,Ike,Wilson
Gary,Gang,Xu
Richard,S,Akresh
David,Yves,Albouy
Hassan,,Arvin-Rad
Anil,K,Bera
Mark,Daniel,Bernhardt
Mark,Joseph,Borgschulte
Bryan,Douglas,Buckley
In-Koo,,Cho
Eun,Yi,Chung
Satya,Prasanna,Das
George,,Deltas
Isaac,,DiIanni
Hadi,S,Esfahani
Zhigang,,Feng
Elizabeth,Carla,Forsythe
Firouz,,Gahvari
Seung-Hyun,,Hong
Maria,,Kleemans
Roger,W,Koenker
Stefan,,Krasa
JiHyung,,Lee
Guillermo,,Marshall
Benjamin,Michael,Marx
Daniel,P,McMillen
Adam,Mohamed,Osman
Stephen,Lawrence,Parente
Woong,Yong,Park
Martin,,Perry
Joseph,A,Petry
Mattias,K,Polborn
Elizabeth,T,Powers
Zaruhi,Mels,Sahakyan
Colleen,,Schultz
Min,Chul,Shin
Rebecca,Lynn,Thornton
Ali,,Toossi
Jose,J,Vazquez
Steven,R,Williams
Lanwei,Joy,Yang
Rui,,Zhao
Dennis,E,Baron
Iryce,W,Baron
Robert,W,Barrett
Anustup,,Basu
Manisha,,Basu
Dale,,Bauer
Jodi,,Byrd
Martin,,Camargo
Sandra,,Camargo
Jose,Bernard,Capino
John,P,Claborn
Lucinda,,Cole
Mary,Rose,Cottingham
Eleanor,,Courtemanche
Ramona,,Curry
Timothy,James,Dean
Michael,L,Don
Dennis,Everett,Dullea
Ashley,,Emmert
Ryan,P,Flanagan
Stephanie,,Foote
Christopher,Charles,Freeburg
Andrew,,Gaedtke
John,,Gallagher
Kyle,Richard,Garton-Gundling
Shawn,Patrick,Gilmore
Catharine,E,Gray
Joseph,,Grohens
Ceridwen,L,Hall
James,A,Hansen
Gail,L,Hapke
Joy,,Harjo-Sapulpa
Janice,,Harrington
Wail,Seddiq,Hassan
Mary,L,Hays
William,D,Hechler
Marilyn,M,Holguin
Gordon,,Hutner
Candice,M,Jenkins
Jamie,L,Jones
Brigit,P,Kelly
Daniel,,Kelly
Roya,,Khatiblou
Susan,,Koshy
Aaron,,LaDuke
Linda,,Larsen
Mary,,Lindsey
Melissa,Monique,Littlefield
Patricia,,Loughran
Michael,D,Madonick
Vicki,,Mahaffey
Robert,,Markley
Lee,,McGuire
Natalie,A,Mesnard
Matthew,P,Minicucci
David,,Morris
Andrew,Patrick,Moss
Justine,Summerhayes,Murison
Hina,,Nazar
John,Timberman,Newcomb
Lori,Humphrey,Newcomb
Michael,J,Odom
Robert,Dale,Parker
Curtis,,Perry
Alaina,R,Pincus
Anthony,,Pollock
Catherine,Jean,Prendergast
Julie,P,Price
Paul,A,Prior
Eric,Darnell,Pritchard
Scott,,Ricketts
Kelly,Allison,Ritter
Richard,Thomas,Rodriguez
Michael,,Rothberg
John,,Rubins
Sandra,,Ruiz
Stephen,A,Runkle
Lindsay,Rose,Russell
John,T,Sanders
Julia,Frances,Saville
Spencer,Wood,Schaffner
Alexander,M,Shakar
Sydney,James,Slobodnik
Christine,M,Sneed
Siobhan,B,Somerville
Derrick,,Spires
Andrea,,Stevens
Nafissa,D,Thompson-Spires
Renee,,Trilling
William,E,Underwood
Robert,,Warrior
Rebecca,,Weber
Kirstin,R,Wilcox
Gregory,Darnell,Wilson
Gillen,D'Arcy,Wood
Charles,D,Wright
David,,Wright
Brian,F,Allan
May,R,Berenbaum
Stewart,H,Berlocher
Sydney,Anne,Cameron
Bettina,M,Francis
Lawrence,M,Hanks
Allison,K,Hansen
Alexandra,Nicole,Harmon-Threatt
Barry,Robert,Pittendrigh
Hugh,M,Robertson
Andrew,,Suarez
Charles,W,Whitfield
James,Bryan,Whitfield
Nancy,,Blake
Eda,,Derhemi
Zsuzsanna,,Fagyal
Alain,D,Fresco
Karen,L,Fresco
Marcus,,Keller
Laurence,S,Mall
Jean-Philippe,R,Mathy
Aurore,Patricia,Mroz
Jean-Jacques,Frederic,Poucel
Francois,,Proulx
Felisa,Vergara,Reynolds
Emanuel,,Rota
Robert,A,Rushing
Eleonora,,Stoppino
Teresa,Ann,Barnes
Toby,Cason,Beauchamp
Ruth,Nicole,Brown
Jodi,,Byrd
Cheryl,L,Cole
Karen,,Flynn
Stephanie,,Foote
Samantha,L,Frost
Vicki,,Mahaffey
Chantal,,Nadeau
Fiona,,Ngo
Mimi,Thi,Nguyen
Siobhan,B,Somerville
Thomas,J,Bassett
James,Leonard,Best
Trevor,,Birkenholtz
Julie,L,Cidell
Piotr,,Cienciala
Jonathan,,Greenberg
Brian,J,Jefferson
Ezekiel,,Kalipeni
Mei-Po,,Kwan
Sara,L,McLafferty
Bruce,L,Rhoads
Jesse,C,Ribot
Murugesu,,Sivapalan
Shaowen,,Wang
David,,Wilson
Stephen,P,Altaner
Alison,M,Anders
Jay,D,Bass
James,Leonard,Best
Kurtis,C,Burmeister
Todd,M,Cole
Jessica,,Conroy
Jennifer,,Druhan
Bruce,W,Fouke
Patricia,,Gregg
William,,Guenthner
Feng,Sheng,Hu
Thomas,Martin,Johnson
Lijun,,Liu
Craig,Campbell,Lundstrom
Jacalyn,M,Malinowski
Stephen,,Marshak
Gary,,Parker
Robert,A,Sanford
Xiaodong,,Song
Michael,A,Stewart
Wendy,,Yang
Stephanie,M,Hilger
Laurie,R,Johnson
Bjorn,,Malekin
Carl,Hendrik,Niekerk
Anke,,Pinkert
Mark,D,Safstrom
Anna,Westerstahl,Stenport
Mara,R,Wade
Petra,Anni,Watzke
Charles,Robert,Webster
Tariq,Omar,Ali
Ikuko,,Asaka
Eugene,Michael,Avrutin
Teresa,Ann,Barnes
James,Robert,Brennan
Claudia,Ruth,Brosseder
Marcelo,,Bucheli
Adrian,,Burgos
Antoinette,M,Burton
Jimena,,Canales
Sundiata,,Cha-Jua
Tamara,Eileen,Chaplin
Kai-Wing,,Chow
Clare,H,Crowston
Kenneth,M,Cuno
Walter,Jerome,Davila
Augusto,F,Espiritu
Peter,A,Fritzsche
Poshek,,Fu
Behrooz,,Ghamari-Tabrizi
Matthew,,Gilbert
Marc,Adam,Hertzman
Keith,,Hitchins
Kristin,Lee,Hoganson
Rana,,Hogarth
Frederick,E,Hoxie
Nils,P,Jacobsen
Diane,P,Koenker
Craig,M,Koslofsky
Bruce,Carlan,Levine
Harry,M,Liebersohn
Mireya,,Loza
Ralph,W,Mathisen
Erik,S,McDuffie
Mark,Stephen,Micale
Robert,Michael,Morrissey
Kevin,,Mumford
Mauro,,Nobili
Kathryn,J,Oberdeck
Dana,,Rabin
John,W,Randolph
Leslie,Jean,Reagan
Dorothee,,Schneider
Mark,D,Steinberg
Carol,Lynne,Symes
Maria,N,Todorova
Roderick,Ike,Wilson
Benjamin,Frank,Clegg
Joanne,L,Manaster
Kristin,Laurie,Bouton
Peter,Justin,Chiligiris
Amber,M,Dunse
Silvana,,Dushku
Gretchen,M,Forman
Karen,,Hilgeman
Joy,C,Howard
Anna,M,Kasten
Rachel,M,Newell
Julie,Ann,Prentice
LuAnn,C,Sorenson
James,Joseph,Sosnowski
Lisa,Marie,Cacho
Wilfred,David,Coyoca
Julie,,Dowling
David,Luis,Glisch-Sanchez
Jonathan,Xavier,Inda
Mireya,,Loza
Isabel,,Molina
Richard,Thomas,Rodriguez
Rolando,J,Romero
Gilberto,,Rosas
Sandra,,Ruiz
Edna,A,Viruell-Fuentes
Jeffrey,,Arrigo
Rakesh,Mohan,Bhatt
Hugh,,Bishop
Eyamba,G,Bokamba
Elizabeth,Ramsay,Carroll
Jinhee,,Choo
Jennifer,S,Cole
Zahra,,Dastgheib
Susan,Kay,Faivre
Aazamosadat,,Feizmohammadpour
Suzanne,Carla,Franks
Mary,Kagure,Gathogo
Corina,R,Girju
Jose,Ignacio,Hualde
Tania,,Ionin
Irene,Ann,Koshik
John,E,Kotnarowski
Leyla,Rustemovna,Lambert
Peter,Nathan,Lasersohn
Jonathan,Eric,MacDonald
Mithilesh,,Mishra
Silvina,Andrea,Montrul
Ulugbek,Erkinovich,Nurmukhamedov
Ayse,,Ozcan
Cassandra,A,Rosado
Eman,,Saadah
Randall,W,Sadler
Sylvia,Lauren,Schreiner
Chilin,,Shih
Ryan,Keith,Shosted
Darren,Scott,Tanner
Marina,,Terkourafi
Jill,A,Tschopp
Francis,Scott,Walters
Patricia,A,Watts
Xun,,Yan
Patricia,Marie,Phillips
Elias,,Shakkour
Scott,David,Ahlgren
Pierre,,Albin
Patrick,Brodie,Allen
Matthew,A,Ando
Jason,Allen,Anema
Jozsef,,Balog
Juliy,,Baryshnikov
Maarten,J,Bergvelt
Bruce,C,Berndt
Florin,,Boca
Steven,B,Bradlow
Jared,C,Bronski
John,P,D'Angelo
Robert,Edward,DeVille
Partha,Sarathi,Dey
Nathan,M,Dunfield
Sankar,P,Dutta
Iwan,M,Duursma
Mehmet,Burak,Erdogan
Runhuan,,Feng
Lena,Christine,Folwaczny
Kevin,,Ford
Elena,D,Fuchs
Funda,,Gultepe
Rosemary,Kay,Guzman
William,J,Haboush
Jeremiah,Ben,Heller
Anil,Nirmal,Hirani
April,Michelle,Hoffmeister
Mi,Kyoung,Hur
Sergei,V,Ivanov
Rebecca,Lynn,Johnson
Marius,,Junge
Ilia,,Kapovitch
Sheldon,,Katz
Rinat,,Kedem
Ely,,Kerman
Sun,,Kim
Kay,L,Kirkpatrick
Eduard-Wilhelm,,Kirr
Alexandr,V,Kostochka
Denka,Nikolova,Kutzarova-Ford
Richard,S,Laugesen
Christopher,Jay,Leininger
Eugene,M,Lerman
Shu,,Li
Xiaochun,,Li
Chieh,Cheng,Lo
Martin,Thanh,Luu
Aldo,J,Manfroi
Randy,,McCarthy
Igor,,Mineyev
Robert,G,Muncaster
Robert,Francis,Murphy
Thomas,A,Nevins
Igor,G,Nikolaev
Timur,,Oikhberg
Julian,I,Palmore
James,,Pascaleff
Zoi,,Rapti
Charles,W,Rezk
Bruce,A,Reznick
Zhong-Jin,,Ruan
Henry,Koewing,Schenck
Slawomir,,Solecki
Renming,,Song
Richard,B,Sowers
Vesna,,Stojanoska
Susan,,Tolman
Anush,,Tserunyan
Alexander,E,Tumanov
Jeremy,,Tyson
Nikolaos,,Tzirakis
Zoran,,Vondracek
Kim,,Whittlesey
Jang-Mei,Gloria,Wu
Samantha,,Xu
Alexandru,,Zaharescu
Vadim,,Zharnitsky
Steven,Robert,Blanke
Christopher,Byron,Brooke
Patrick,,Degnan
James,A,Imlay
Thomas,,Kehl-Fie
Andrei,,Kuzminov
William,W,Metcalf
Gary,J,Olsen
Peter,A,Orlean
Carin,,Vanderpool
Rachel,,Whitaker
Brenda,Anne,Wilson
Kenneth,,Chapman
Jack,S,Ikeda
Lyne,,Levesque
Bradley,G,Mehrtens
Sandford,M,Shankland
Phyllis,M,Wise
Thomas,J,Anastasio
Milan,K,Bagchi
Eric,C,Bolton
Hee,Jung,Chung
Claudio,F,Grosman
Kim,Jongsook,Kemper
Kurt,,Kwast
Erik,,Nelson
Mark,E,Nelson
Lori,T,Raetzman
Nien-Pei,,Tsai
Derek,,Wildman
Jochen,,Bojanowski
Jennifer,Rose,Carr
Justin,,Clark
David,Robert,Gilbert
Daniel,Z,Korman
Jonathan,M,Livengood
Timothy,G,McCarthy
Colleen,,Murphy
Alexandra,Mary,Newton
Kirk,,Sanders
David,George,Sussman
Helga,,Varden
Christopher,Gregory,Weaver
Shelley,E,Weinberg
Carol,K,Augspurger
Liqing,,Chen
Jessica,,Conroy
James,W,Dalling
Evan,H,Delucia
Stephen,R,Downie
Katy,Denise,Heath
Feng,Sheng,Hu
Thomas,W,Jacobs
Andrew,,Leakey
Stephen,P,Long
Amy,,Marshall-Colon
Ray,R,Ming
James,Patrick,O'Dwyer
Surangi,W,Punyasena
Wendy,,Yang
Raymond,E,Zielinski
Scott,,Althaus
Jeffrey,Stephens,Ashley
Jake,,Bowers
Damarys,Josefina,Canache
Sarah,Jane,Chaudoin
Jose,Antonio,Cheibub
Xinyuan,,Dai
Susan,Cordia,Dimock
Samantha,L,Frost
Brian,J,Gaines
Marie,Theresa,Henehan
Konstantinos,,Kourtikakis
Aleksander,Jan,Ksiazkiewicz
Emery,G,Lee
Carol,Skalnik,Leff
Avital,,Livny
Benjamin,Michael,Miller
Jeffery,J,Mondak
Melissa,A,Orlie
Robert,David,Pahre
Thomas,J,Rudolph
Jessie,Grosvenor,Rumsey
Steven,T,Seitz
Jennifer,L,Selin
Gisela,,Sin
Tracy,E,Sulkin
Alicia,Bernice,Uribe
John,A,Vasquez
Matthew,Stephen,Winters
Cara,J,Wong
Mark,S,Aber
Dolores,,Albarracin
Nicole,E,Allen
Renee,L,Baillargeon
Diane,M,Beck
Aaron,S,Benjamin
Howard,,Berenbaum
Daniel,Andrew,Briley
Sarah,,Brown-Schmidt
Nichelle,Carlotta,Carpenter
Hua-hua,,Chang
Joey,,Cheng
Andrei,,Cimpian
Amy,Paige,Cohen
Dov,,Cohen
Joseph,Rich,Cohen
Neal,J,Cohen
Gary,S,Dell
Jaime,Lane,Derringer
Florin,,Dolcos
Monica,,Fabiani
Kara,D,Federmeier
Cynthia,L,Fisher
Robert,Christopher,Fraley
Sepideh,Sadaghiani,Friberg
Roberto,,Galvez
Gabriele,,Gratton
Joshua,M,Gulley
Wendy,,Heller
John,E,Hummel
Carla,Desi-Ann,Hunter
Daniel,,Hyde
David,E,Irwin
Janice,M,Juraska
Hans,Friedrich,Koehn
Nu-Chu,,Liang
Alejandro,,Lleras
Mikhail,,Lyubansky
Daniel,A,Newman
Eva,Marie,Pomerantz
Michel,,Regenwetter
Justin,S,Rhodes
Brent,W,Roberts
Brian,H,Ross
James,,Rounds
Karen,D,Rudolph
Lili,,Sahakyan
Christine,Kamel-George,Shenouda
Tamara,G,Sher
Daniel,J,Simons
Thomas,Kevin,Srull
Nathan,R,Todd
Lisa,L,Travis
Eva,Monica,Uddin
Michelle,Yongmei,Wang
Ranxiao,,Wang
Duane,G,Watson
Robert,E,Wickesberg
Jessica,Vantine,Birkenholtz
Michael,H,Dann
Jessica,Lucille,DeGrado
Jonathan,H,Ebel
Valerie,J,Hoffman
Richard,A,Layton
Alexander,Leonhard,Mayer
Robert,J,McKim
Rini,Bhattacharya,Mehta
Wayne,T,Pitard
David,,Price
Bruce,,Rosenstock
Brian,Douglas,Ruppert
James,,Treat
Dov,Yehuda,Weiss
David,,Cooper
Michael,C,Finke
George,Zbigniew,Gasyna
Roman,Zinoviyovych,Ivashkiv
Lilya,,Kaganovsky
Harriet,Lisa,Murav
Judith,A,Pintar
Valeria,,Sobol
Richard,V,Tempest
Ilana,Redstone,Akresh
Phyllis,L,Baker
Asef,,Bayat
Cynthia,,Buckley
Brian,J,Dill
Behrooz,,Ghamari-Tabrizi
Zsuzsa,,Gille
Margaret,S,Kelley
Kevin,,Leicht
Futing,,Liao
Anna-Maria,,Marshall
Monica,,McDermott
Ruby,,Mendenhall
Rebecca,L,Sandefur
Daniel,John,Steward
Assata,,Zerai
Melissa,A,Bowles
Severina,,Cox
Luisa-Elena,,Delgado
Anna,Maria,Escobar
Rebecca,Kimberley,Foote
Raquel,Castro,Goebel
Dara,Ellen,Goldman
Glen,Skiles,Goodman
George,Bert,Henson
Jose,Ignacio,Hualde
Jill,,Jegerski
John,Tofik,Karam
Eduardo,,Ledesma
Jonathan,Eric,MacDonald
Pilar,,Martinez-Quiroga
Mariselle,,Melendez
Silvina,Andrea,Montrul
Rolando,J,Romero
Joyce,L,Tolliver
Jose,,Villalobos
Serena,Suewei,Chan
Xiaohui,,Chen
Yuguo,,Chen
Steven,Andrew,Culpepper
David,M,Dalpiaz
Jeffrey,A,Douglas
Georgios,,Fellouris
Ellen,Sue,Fireman
Darren,William,Glosemeyer
Stephane,,Guerrier
Karle,Ann,Laska
Bo,,Li
Feng,,Liang
Trevor,H,Park
Peiyong,,Qu
Uma,Virendra,Ravat
Xiaofeng,,Shao
Douglas,G,Simpson
Alexey,G,Stepanov
David,,Unger
Michelle,Yongmei,Wang
Sihai,Dave,Zhao
Ruoqing,,Zhu
Antonios,,Augoustakis
Karen,A,Laurence
Kirk,,Sanders
Jon,,Solomon
Ariana,,Traill
Angeliki,,Tzanetou
Brian,Channing,Walters
Craig,Arthur,Williams
Michelle,Marie,Campbell
Christopher,,Johnson
Jasper,,Simmons
Eric,Lawrence,Ashworth
Aaron,James,Johnson
Christopher,Mangit,Leung
Donovan,Demont,Sapp
David,T,Tanner
Barry,James,Ackerson
Pallassana,R,Balgopal
Venera,,Bekteshi
Janet,D,Carter-Black
Susan,Ann,Cole
Rachael,Erin,Dietkus
Christine,,Escobar-Sawicki
Sherrie,Marie,Faulkner
Tamara,L,Fuller
Judith,Regina,Havlicek
Rosalba,,Hernandez
Noah,J,Isserman
Sandra,Lee,Kopels
Wynne,Sandra,Korr
Christopher,Rollo,Larrison
Hong,,Li
Janet,M,Liechty
Brenda,Coble,Lindsey
Benjamin,James,Lough
Mary,Frances,Maurer
Hellen,Gerolymatos,McDonald
Teresa,Ann,Ostler
Lissette,,Piedra
Joseph,Patrick,Ryan
Douglas,Cary,Smith
Kate,Melissa,Wegmann
Nancy,Louise,White-Gibson
Liliane,,Windsor
Chi-Fang,,Wu
Min,,Zhan
Sarah,M,Christensen
Myung-Ja,,Han
Lisa,W,Hinchliffe
Valerie,,Hotchkiss
Paula,T,Kaufman
Mary,E,Kruger
Beth,Sandore,Namachchivaya
Lynne,M,Rudasill
Karen,A,Schmidt
Susan,Ellis,Searing
Ellen,D,Swain
Jennifer,Hain,Teper
Thomas,H,Teper
John,M,Unsworth
Beth,S,Woodard
Joyce,C,Wright
Andrea,,Aguiar
Brian,Michael,Aldridge
Russhawn,Jackson,Aldridge
Matthew,C,Allender
Sarah,O,Allison
Scott,Matthew,Austin
Indrani,C,Bagchi
Kelly,Charlotte,Ballantyne
Anne,M,Barger
Michael,LeRoy,Biehl
Gary,Owen,Brummet
David,,Bunick
Stuart,Charles,Clark-Price
Kathleen,Mary,Colegrove-Calvey
David,Andrew,Coleman
Sara,L,Connolly
Peter,D,Constable
Jennifer,Marie,Criley
Aditi,,Das
Sergei,,Dikanov
Elizabeth,Ann,Driskell
Paul,Andrew,Eubig
Timothy,M,Fan
Duncan,Craig,Ferguson
Lawrence,D,Firkins
Jodi,A,Flaws
Jonathan,H,Foreman
Richard,Lincoln,Fredrickson
Dennis,D,French
Ryan,C,Fries
Edgar,F,Garrett
Laura,Diane,Garrett
Lyndon,J,Goodly
Brett,Andrew,Grossman
Devon,Wallis,Hague
Ralph,E,Hamor
John,Arthur,Herrmann
Patricia,Sue,Hoien-Dalen
Lois,L,Hoyer
Shih-Hsuan,,Hsiao
Yvette,Joyce,Johnson-Walker
Stephanie,,Keating
Michael,J,Kinsel
Katherine,E,Kling
CheMyong,,Ko
Fred,A,Kummerow
Jennifer,,Landolfi
Jennifer,N,Langan
Kara,M,Lascola
Gee,,Lau
Quanxi,,Li
Fabio,,Lima
James,F,Lowe
Jennifer,L,MacDonell
Carol,W,Maddox
Megan,M,Mahoney
Dawn,Elaine,Marick
Annette,Marie,McCoy
Maureen,,McMichael
Leslie,Klis,McNeil
Wenyan,,Mei
Gay,Y,Miller
Mauria,A,O'Brien
Marilyn,Sue,O'Hara
Heidi,,Phillips
Jason,Bradley,Pieper
Chelsey,Renee,Ramirez
Prabhakara,Poothi,Reddi
Marcella,D,Ridgway
Patrick,Joseph,Roady
Daniel,L,Rock
Stanley,Ian,Rubin
Susan,L,Schantz
Mariangela,,Segre
Laura,,Selmic
Clifford,F,Shipley
Rebecca,Lee,Smith
Philip,F,Solter
Amy,Joan,Somrak
Adam,Wayne,Stern
Matthew,C,Stewart
Drew,Roley,Sullivan
Karen,,Terio
Ashlee,Sonya,Urbasic
Matthew,Alan,Wallig
Cheryl,Ann,Weber
George,Robert,Weedon
Kenneth,R,Welle
Herbert,E,Whiteley
Julia,K,Whittington
Pamela,A,Wilkins
David,A,Williams
William,Harold,Witola
Jacqueline,M,Wypij
Jing,,Yang
Dongwan,,Yoo
Sherry,Qi,Zhou
Federico,A,Zuckermann
Richard,A. C.,Cooke
Robert ,J. M.,Hudson
Emelie ,Elizabeth,Sims Mies
A.,Bryan,Endres
Geoffrey,J. D.,Hewings
Maria,Regina Cattai de,Godoy
George,C. ,Fahey
Felipe,Da Costa,Martins
Margaret,Ellen,Berg Miller
Frederick,E,Below
Santiago,X,Mideros Mora
Richard,A,Weinzierl
Thomas,B,Voigt
Margarita,De L,Teran-Garcia
Kelly,K,Freeman Bost
Robert,,"Hughes,"
Michael,G. H.,Coles
Jinelle,,Hutchins Sperry
Patrick,J,Weatherhead
Flavia,Cristina,Drumond Andrade
Yelyzaveta,Berdychevsky,Kustanovich
Carena,J,Van Riper
Nuno,Felipe da Costa Cardoso Dantas,Ribeiro
Torrey,Mark John,Loucks
Adel,Nematallah Naguib,Ibrahim
Janet,E. L.,Bercovitz
Charles,E,Blair
Gregory,B,Northcraft
Hayden,Neville,Noel
George,John,Krueger
Morgan,J,Lynge
Rustom,Dinyar Manouchehri,Irani
Ernest,J,Martin
Fouad,Abd,El Khalick
Gloriana,Gonzalez,Rivera
Liv,Solveig Thorstensson,Davila
Bette,P,Van Es
Linda,Sue,Clizer Slaot
Saundra,Rice,Murray Nettles
Elizabeth,A. L.,Stine-Morrow
Cheryl,L,Light Shriner
Rosa,Milagros,Santos Gilbertz
Princess,,Imoukhuede
Paul,J. A.,Kenis
Amy,Jaye,Wagoner Johnson
Christopher,Paul Lyman,Barkna
Rosa,Maria,Espinosa Marzal
Mani,Golparvar,Fard
Youssef,M. A.,Hashash
B.,F.,Spencer
Rafael,Omar,Tinoco Lopez
Gerald,F,Dejong
Martin,D. F.,Wong
Juan,Jose,Jaramillo Jimenez
Robert,Carl Nikolai,Pilawa Podgurski
Romit,Roy,Choudhury
Harrison,Hyung Min,Kim
Cecilia,Das Neves Barbosa,Leal Lauten
Christoph,Robert Eduard ,Maass
Armand,Joseph,Beaudoin
Leonardo,Patricio,Chamorro Chavez
Amy,Elizabeth,LaViers Minnick
M.,Taher A.,Saif
Charles,L,Tucker
Arend,,van der Zande
Matthias,Grosse,Perdekamp
Naomi,C. R.,Makins
Verena,Ingrid,Martinez Outschoorn
Dale,J,Van Harlingen
Sara,Bartumeus,Ferre
Andrew,D,Bailey
William,P. D.,Cade
Timothy,J,Van Laar
Chester,L,Alwes
I,Ketut,Gede Asnawa
Julie,A. H.,Rundell
William,Zev Paul,Steinery
Anne,C,de Velder
Clyde,W,Forrest
Geoffrey,J. D.,Hewings
Bertram,C,Bruce
Elizabeth,G,Hearne Claffey
Elizabeth,Fabry,Massa Hoiem
Emily,Joyce,Magdelyn Knox
Irvin,Joseph,Hunt
Philip,S. L.,Anderson
Chi-Hing,C,Cheng-De Vries
Kathryn,B. H.,Clancy
Larry,,Di Girolamo
Arif,,Fazel
Elizabeth,Diane,Eces
Paul,J. A.,Kenis
John,Burton,Rosheck
Patricia,Lynn,Blum Simpson
Jonathan,J. L.,Higdon
Jose,Guillermo,Andino Martinez
Jefferson,Kar,Fai Chan
Martin,H. W.,Gruebele
Joaquin,Rodriguez,Lopez
Wilfred,Adrianus,van der Donk
Renske,,van der Veen
Michele,E. J.,Koven
Jorge,Agustin Lemus,Encalada
Lauren,M. E.,GoodLad
Irvin,Joseph,Hunt
Isabel,Quintana,Wulf
Edward,Jordan,Sellers
Ramon,E,Soto Crespo
Cristina,Toharia,Zapata
Md,Shakil,Bin Kashem
Norbert,F,Huether
Josephine,El,Karkafi
Jin,Kim,Pennell
Lane,Oscar,Bingaman Schwartz
Hye,Suk James,Yoon
Jennifer,Mary,Anderson Bluss
Laura,Ramirez,Polo
Philippe,Di,Francesco
Philipp,Christan Karl,Hieronymi
Aimo,H. J.,Hinkkanen
Gabriele,La,Nava
Rui,Antonio,Loja Fernandes
Lou,,Van Den Dries
Alexander,Ng Tengfat,Yong
John,E,Cronan
Nir,Ben,Moshe
Robert,S,Chaudoin
Wendy,K,Tam Cho
Daniel,,Nagashima
Catharine,Edith,Ann Fairbairn
Laura,Davies,Brenier
Christina,Anne,De Angelo
Mariana,Gonzalez,Boluda
Javier,Irigoyen,Garcia
Andreia,Lisboa,De Sousa
Clara,Rae Marie,Bosak-Schroeder
Daniel,William Leon,Ruiz
Tara,Earls,Larrison
Tara,Leytham,Powell
Karen,Margaret,Tabb Dina
Carol,Jane,Wilson Smith
Igor,Frederico,Canisso
Santiago,Daniel,Guetierrez Nibeyro
Tisha,Adele,Maria Harper
Bianca,Da Costa,Martins
Jodi,S,Matheson
Mark,,Mitchell
Gay,Y,Miller
Kimberly,Mae,Pattullo
Marilyn,Sue,O'Hara